attribute,level_key,level_label,id,context,title,summary,bullet_1,bullet_2,focus_area,organization,project_name
AI-related experience,no_ai_related_experience,No AI-related experience mentioned,ai_01,customer feedback review,Customer Feedback Review Project,Completed a project focused on customer feedback review using standard spreadsheet and reporting tools.,Reviewed customer feedback comments and organized findings into weekly reporting summaries.,Built a consistent process for checking outputs and sharing updates with team members.,,,
AI-related experience,no_ai_related_experience,No AI-related experience mentioned,ai_02,sales reporting,Sales Reporting Project,Completed a project focused on sales reporting using standard spreadsheet and reporting tools.,Reviewed monthly sales records and organized findings into summary dashboards for managers.,Built a consistent process for checking outputs and sharing updates with team members.,,,
AI-related experience,no_ai_related_experience,No AI-related experience mentioned,ai_03,inventory tracking,Inventory Tracking Project,Completed a project focused on inventory tracking using standard spreadsheet and reporting tools.,Reviewed inventory reconciliation tasks and organized findings into stock exception summaries.,Built a consistent process for checking outputs and sharing updates with team members.,,,
AI-related experience,no_ai_related_experience,No AI-related experience mentioned,ai_04,marketing analysis,Marketing Analysis Project,Completed a project focused on marketing analysis using standard spreadsheet and reporting tools.,Reviewed campaign performance notes and organized findings into recurring campaign reports.,Built a consistent process for checking outputs and sharing updates with team members.,,,
AI-related experience,no_ai_related_experience,No AI-related experience mentioned,ai_05,recruiting support,Recruiting Support Project,Completed a project focused on recruiting support using standard spreadsheet and reporting tools.,Reviewed candidate screening notes and organized findings into interview scheduling updates.,Built a consistent process for checking outputs and sharing updates with team members.,,,
AI-related experience,no_ai_related_experience,No AI-related experience mentioned,ai_06,budget reconciliation,Budget Reconciliation Project,Completed a project focused on budget reconciliation using standard spreadsheet and reporting tools.,Reviewed expense entries from multiple teams and organized findings into monthly budget summaries.,Built a consistent process for checking outputs and sharing updates with team members.,,,
AI-related experience,no_ai_related_experience,No AI-related experience mentioned,ai_07,operations reporting,Operations Reporting Project,Completed a project focused on operations reporting using standard spreadsheet and reporting tools.,Reviewed service request logs and organized findings into operations status updates.,Built a consistent process for checking outputs and sharing updates with team members.,,,
AI-related experience,no_ai_related_experience,No AI-related experience mentioned,ai_08,survey analysis,Survey Analysis Project,Completed a project focused on survey analysis using standard spreadsheet and reporting tools.,Reviewed survey response files and organized findings into summary tables for presentations.,Built a consistent process for checking outputs and sharing updates with team members.,,,
AI-related experience,no_ai_related_experience,No AI-related experience mentioned,ai_09,vendor coordination,Vendor Coordination Project,Completed a project focused on vendor coordination using standard spreadsheet and reporting tools.,Reviewed vendor comparison notes and organized findings into procurement status summaries.,Built a consistent process for checking outputs and sharing updates with team members.,,,
AI-related experience,no_ai_related_experience,No AI-related experience mentioned,ai_10,appointment scheduling,Appointment Scheduling Project,Completed a project focused on appointment scheduling using standard spreadsheet and reporting tools.,Reviewed client scheduling requests and organized findings into calendar coordination updates.,Built a consistent process for checking outputs and sharing updates with team members.,,,
AI-related experience,no_ai_related_experience,No AI-related experience mentioned,ai_11,billing review,Billing Review Project,Completed a project focused on billing review using standard spreadsheet and reporting tools.,Reviewed billing exception records and organized findings into payment follow-up summaries.,Built a consistent process for checking outputs and sharing updates with team members.,,,
AI-related experience,no_ai_related_experience,No AI-related experience mentioned,ai_12,quality tracking,Quality Tracking Project,Completed a project focused on quality tracking using standard spreadsheet and reporting tools.,Reviewed quality review comments and organized findings into issue tracking summaries.,Built a consistent process for checking outputs and sharing updates with team members.,,,
AI-related experience,no_ai_related_experience,No AI-related experience mentioned,ai_13,training support,Training Support Project,Completed a project focused on training support using standard spreadsheet and reporting tools.,Reviewed training feedback forms and organized findings into session recap notes.,Built a consistent process for checking outputs and sharing updates with team members.,,,
AI-related experience,no_ai_related_experience,No AI-related experience mentioned,ai_14,document review,Document Review Project,Completed a project focused on document review using standard spreadsheet and reporting tools.,Reviewed repetitive document comparison tasks and organized findings into version control checklists.,Built a consistent process for checking outputs and sharing updates with team members.,,,
AI-related experience,no_ai_related_experience,No AI-related experience mentioned,ai_15,social media reporting,Social Media Reporting Project,Completed a project focused on social media reporting using standard spreadsheet and reporting tools.,Reviewed engagement data exports and organized findings into weekly content performance summaries.,Built a consistent process for checking outputs and sharing updates with team members.,,,
AI-related experience,no_ai_related_experience,No AI-related experience mentioned,ai_16,market research,Market Research Project,Completed a project focused on market research using standard spreadsheet and reporting tools.,Reviewed competitor pricing notes and organized findings into comparison tables for staff meetings.,Built a consistent process for checking outputs and sharing updates with team members.,,,
AI-related experience,no_ai_related_experience,No AI-related experience mentioned,ai_17,logistics coordination,Logistics Coordination Project,Completed a project focused on logistics coordination using standard spreadsheet and reporting tools.,Reviewed shipment status updates and organized findings into daily fulfillment summaries.,Built a consistent process for checking outputs and sharing updates with team members.,,,
AI-related experience,no_ai_related_experience,No AI-related experience mentioned,ai_18,client onboarding,Client Onboarding Project,Completed a project focused on client onboarding using standard spreadsheet and reporting tools.,Reviewed new client intake forms and organized findings into onboarding status trackers.,Built a consistent process for checking outputs and sharing updates with team members.,,,
AI-related experience,no_ai_related_experience,No AI-related experience mentioned,ai_19,event planning,Event Planning Project,Completed a project focused on event planning using standard spreadsheet and reporting tools.,Reviewed registration and attendance records and organized findings into post-event recap summaries.,Built a consistent process for checking outputs and sharing updates with team members.,,,
AI-related experience,no_ai_related_experience,No AI-related experience mentioned,ai_20,compliance support,Compliance Support Project,Completed a project focused on compliance support using standard spreadsheet and reporting tools.,Reviewed policy review checklists and organized findings into compliance tracking summaries.,Built a consistent process for checking outputs and sharing updates with team members.,,,
AI-related experience,gen_ai_workflow_efficiency,Used generative AI in a project to improve workflow efficiency,ai_01,customer feedback review,Customer Feedback Review Project,Used generative AI to streamline drafting and review steps in a customer feedback review project.,Used generative AI to speed up first-pass review of customer feedback comments before final manual checks.,Reduced repetitive drafting time and delivered weekly reporting summaries more efficiently.,,,
AI-related experience,gen_ai_workflow_efficiency,Used generative AI in a project to improve workflow efficiency,ai_02,sales reporting,Sales Reporting Project,Used generative AI to streamline drafting and review steps in a sales reporting project.,Used generative AI to speed up first-pass review of monthly sales records before final manual checks.,Reduced repetitive drafting time and delivered summary dashboards for managers more efficiently.,,,
AI-related experience,gen_ai_workflow_efficiency,Used generative AI in a project to improve workflow efficiency,ai_03,inventory tracking,Inventory Tracking Project,Used generative AI to streamline drafting and review steps in a inventory tracking project.,Used generative AI to speed up first-pass review of inventory reconciliation tasks before final manual checks.,Reduced repetitive drafting time and delivered stock exception summaries more efficiently.,,,
AI-related experience,gen_ai_workflow_efficiency,Used generative AI in a project to improve workflow efficiency,ai_04,marketing analysis,Marketing Analysis Project,Used generative AI to streamline drafting and review steps in a marketing analysis project.,Used generative AI to speed up first-pass review of campaign performance notes before final manual checks.,Reduced repetitive drafting time and delivered recurring campaign reports more efficiently.,,,
AI-related experience,gen_ai_workflow_efficiency,Used generative AI in a project to improve workflow efficiency,ai_05,recruiting support,Recruiting Support Project,Used generative AI to streamline drafting and review steps in a recruiting support project.,Used generative AI to speed up first-pass review of candidate screening notes before final manual checks.,Reduced repetitive drafting time and delivered interview scheduling updates more efficiently.,,,
AI-related experience,gen_ai_workflow_efficiency,Used generative AI in a project to improve workflow efficiency,ai_06,budget reconciliation,Budget Reconciliation Project,Used generative AI to streamline drafting and review steps in a budget reconciliation project.,Used generative AI to speed up first-pass review of expense entries from multiple teams before final manual checks.,Reduced repetitive drafting time and delivered monthly budget summaries more efficiently.,,,
AI-related experience,gen_ai_workflow_efficiency,Used generative AI in a project to improve workflow efficiency,ai_07,operations reporting,Operations Reporting Project,Used generative AI to streamline drafting and review steps in a operations reporting project.,Used generative AI to speed up first-pass review of service request logs before final manual checks.,Reduced repetitive drafting time and delivered operations status updates more efficiently.,,,
AI-related experience,gen_ai_workflow_efficiency,Used generative AI in a project to improve workflow efficiency,ai_08,survey analysis,Survey Analysis Project,Used generative AI to streamline drafting and review steps in a survey analysis project.,Used generative AI to speed up first-pass review of survey response files before final manual checks.,Reduced repetitive drafting time and delivered summary tables for presentations more efficiently.,,,
AI-related experience,gen_ai_workflow_efficiency,Used generative AI in a project to improve workflow efficiency,ai_09,vendor coordination,Vendor Coordination Project,Used generative AI to streamline drafting and review steps in a vendor coordination project.,Used generative AI to speed up first-pass review of vendor comparison notes before final manual checks.,Reduced repetitive drafting time and delivered procurement status summaries more efficiently.,,,
AI-related experience,gen_ai_workflow_efficiency,Used generative AI in a project to improve workflow efficiency,ai_10,appointment scheduling,Appointment Scheduling Project,Used generative AI to streamline drafting and review steps in a appointment scheduling project.,Used generative AI to speed up first-pass review of client scheduling requests before final manual checks.,Reduced repetitive drafting time and delivered calendar coordination updates more efficiently.,,,
AI-related experience,gen_ai_workflow_efficiency,Used generative AI in a project to improve workflow efficiency,ai_11,billing review,Billing Review Project,Used generative AI to streamline drafting and review steps in a billing review project.,Used generative AI to speed up first-pass review of billing exception records before final manual checks.,Reduced repetitive drafting time and delivered payment follow-up summaries more efficiently.,,,
AI-related experience,gen_ai_workflow_efficiency,Used generative AI in a project to improve workflow efficiency,ai_12,quality tracking,Quality Tracking Project,Used generative AI to streamline drafting and review steps in a quality tracking project.,Used generative AI to speed up first-pass review of quality review comments before final manual checks.,Reduced repetitive drafting time and delivered issue tracking summaries more efficiently.,,,
AI-related experience,gen_ai_workflow_efficiency,Used generative AI in a project to improve workflow efficiency,ai_13,training support,Training Support Project,Used generative AI to streamline drafting and review steps in a training support project.,Used generative AI to speed up first-pass review of training feedback forms before final manual checks.,Reduced repetitive drafting time and delivered session recap notes more efficiently.,,,
AI-related experience,gen_ai_workflow_efficiency,Used generative AI in a project to improve workflow efficiency,ai_14,document review,Document Review Project,Used generative AI to streamline drafting and review steps in a document review project.,Used generative AI to speed up first-pass review of repetitive document comparison tasks before final manual checks.,Reduced repetitive drafting time and delivered version control checklists more efficiently.,,,
AI-related experience,gen_ai_workflow_efficiency,Used generative AI in a project to improve workflow efficiency,ai_15,social media reporting,Social Media Reporting Project,Used generative AI to streamline drafting and review steps in a social media reporting project.,Used generative AI to speed up first-pass review of engagement data exports before final manual checks.,Reduced repetitive drafting time and delivered weekly content performance summaries more efficiently.,,,
AI-related experience,gen_ai_workflow_efficiency,Used generative AI in a project to improve workflow efficiency,ai_16,market research,Market Research Project,Used generative AI to streamline drafting and review steps in a market research project.,Used generative AI to speed up first-pass review of competitor pricing notes before final manual checks.,Reduced repetitive drafting time and delivered comparison tables for staff meetings more efficiently.,,,
AI-related experience,gen_ai_workflow_efficiency,Used generative AI in a project to improve workflow efficiency,ai_17,logistics coordination,Logistics Coordination Project,Used generative AI to streamline drafting and review steps in a logistics coordination project.,Used generative AI to speed up first-pass review of shipment status updates before final manual checks.,Reduced repetitive drafting time and delivered daily fulfillment summaries more efficiently.,,,
AI-related experience,gen_ai_workflow_efficiency,Used generative AI in a project to improve workflow efficiency,ai_18,client onboarding,Client Onboarding Project,Used generative AI to streamline drafting and review steps in a client onboarding project.,Used generative AI to speed up first-pass review of new client intake forms before final manual checks.,Reduced repetitive drafting time and delivered onboarding status trackers more efficiently.,,,
AI-related experience,gen_ai_workflow_efficiency,Used generative AI in a project to improve workflow efficiency,ai_19,event planning,Event Planning Project,Used generative AI to streamline drafting and review steps in a event planning project.,Used generative AI to speed up first-pass review of registration and attendance records before final manual checks.,Reduced repetitive drafting time and delivered post-event recap summaries more efficiently.,,,
AI-related experience,gen_ai_workflow_efficiency,Used generative AI in a project to improve workflow efficiency,ai_20,compliance support,Compliance Support Project,Used generative AI to streamline drafting and review steps in a compliance support project.,Used generative AI to speed up first-pass review of policy review checklists before final manual checks.,Reduced repetitive drafting time and delivered compliance tracking summaries more efficiently.,,,
AI-related experience,independent_ai_automation_project,Independently completed an AI automation project,ai_01,customer feedback review,Independent Customer Feedback Review Automation Project,Designed an independent automation workflow to support customer feedback review tasks.,Built a small automation workflow that standardized customer feedback comments and routed outputs into weekly reporting summaries.,"Tested the workflow on sample files, documented exceptions, and refined prompts and logic independently.",,,
AI-related experience,independent_ai_automation_project,Independently completed an AI automation project,ai_02,sales reporting,Independent Sales Reporting Automation Project,Designed an independent automation workflow to support sales reporting tasks.,Built a small automation workflow that standardized monthly sales records and routed outputs into summary dashboards for managers.,"Tested the workflow on sample files, documented exceptions, and refined prompts and logic independently.",,,
AI-related experience,independent_ai_automation_project,Independently completed an AI automation project,ai_03,inventory tracking,Independent Inventory Tracking Automation Project,Designed an independent automation workflow to support inventory tracking tasks.,Built a small automation workflow that standardized inventory reconciliation tasks and routed outputs into stock exception summaries.,"Tested the workflow on sample files, documented exceptions, and refined prompts and logic independently.",,,
AI-related experience,independent_ai_automation_project,Independently completed an AI automation project,ai_04,marketing analysis,Independent Marketing Analysis Automation Project,Designed an independent automation workflow to support marketing analysis tasks.,Built a small automation workflow that standardized campaign performance notes and routed outputs into recurring campaign reports.,"Tested the workflow on sample files, documented exceptions, and refined prompts and logic independently.",,,
AI-related experience,independent_ai_automation_project,Independently completed an AI automation project,ai_05,recruiting support,Independent Recruiting Support Automation Project,Designed an independent automation workflow to support recruiting support tasks.,Built a small automation workflow that standardized candidate screening notes and routed outputs into interview scheduling updates.,"Tested the workflow on sample files, documented exceptions, and refined prompts and logic independently.",,,
AI-related experience,independent_ai_automation_project,Independently completed an AI automation project,ai_06,budget reconciliation,Independent Budget Reconciliation Automation Project,Designed an independent automation workflow to support budget reconciliation tasks.,Built a small automation workflow that standardized expense entries from multiple teams and routed outputs into monthly budget summaries.,"Tested the workflow on sample files, documented exceptions, and refined prompts and logic independently.",,,
AI-related experience,independent_ai_automation_project,Independently completed an AI automation project,ai_07,operations reporting,Independent Operations Reporting Automation Project,Designed an independent automation workflow to support operations reporting tasks.,Built a small automation workflow that standardized service request logs and routed outputs into operations status updates.,"Tested the workflow on sample files, documented exceptions, and refined prompts and logic independently.",,,
AI-related experience,independent_ai_automation_project,Independently completed an AI automation project,ai_08,survey analysis,Independent Survey Analysis Automation Project,Designed an independent automation workflow to support survey analysis tasks.,Built a small automation workflow that standardized survey response files and routed outputs into summary tables for presentations.,"Tested the workflow on sample files, documented exceptions, and refined prompts and logic independently.",,,
AI-related experience,independent_ai_automation_project,Independently completed an AI automation project,ai_09,vendor coordination,Independent Vendor Coordination Automation Project,Designed an independent automation workflow to support vendor coordination tasks.,Built a small automation workflow that standardized vendor comparison notes and routed outputs into procurement status summaries.,"Tested the workflow on sample files, documented exceptions, and refined prompts and logic independently.",,,
AI-related experience,independent_ai_automation_project,Independently completed an AI automation project,ai_10,appointment scheduling,Independent Appointment Scheduling Automation Project,Designed an independent automation workflow to support appointment scheduling tasks.,Built a small automation workflow that standardized client scheduling requests and routed outputs into calendar coordination updates.,"Tested the workflow on sample files, documented exceptions, and refined prompts and logic independently.",,,
AI-related experience,independent_ai_automation_project,Independently completed an AI automation project,ai_11,billing review,Independent Billing Review Automation Project,Designed an independent automation workflow to support billing review tasks.,Built a small automation workflow that standardized billing exception records and routed outputs into payment follow-up summaries.,"Tested the workflow on sample files, documented exceptions, and refined prompts and logic independently.",,,
AI-related experience,independent_ai_automation_project,Independently completed an AI automation project,ai_12,quality tracking,Independent Quality Tracking Automation Project,Designed an independent automation workflow to support quality tracking tasks.,Built a small automation workflow that standardized quality review comments and routed outputs into issue tracking summaries.,"Tested the workflow on sample files, documented exceptions, and refined prompts and logic independently.",,,
AI-related experience,independent_ai_automation_project,Independently completed an AI automation project,ai_13,training support,Independent Training Support Automation Project,Designed an independent automation workflow to support training support tasks.,Built a small automation workflow that standardized training feedback forms and routed outputs into session recap notes.,"Tested the workflow on sample files, documented exceptions, and refined prompts and logic independently.",,,
AI-related experience,independent_ai_automation_project,Independently completed an AI automation project,ai_14,document review,Independent Document Review Automation Project,Designed an independent automation workflow to support document review tasks.,Built a small automation workflow that standardized repetitive document comparison tasks and routed outputs into version control checklists.,"Tested the workflow on sample files, documented exceptions, and refined prompts and logic independently.",,,
AI-related experience,independent_ai_automation_project,Independently completed an AI automation project,ai_15,social media reporting,Independent Social Media Reporting Automation Project,Designed an independent automation workflow to support social media reporting tasks.,Built a small automation workflow that standardized engagement data exports and routed outputs into weekly content performance summaries.,"Tested the workflow on sample files, documented exceptions, and refined prompts and logic independently.",,,
AI-related experience,independent_ai_automation_project,Independently completed an AI automation project,ai_16,market research,Independent Market Research Automation Project,Designed an independent automation workflow to support market research tasks.,Built a small automation workflow that standardized competitor pricing notes and routed outputs into comparison tables for staff meetings.,"Tested the workflow on sample files, documented exceptions, and refined prompts and logic independently.",,,
AI-related experience,independent_ai_automation_project,Independently completed an AI automation project,ai_17,logistics coordination,Independent Logistics Coordination Automation Project,Designed an independent automation workflow to support logistics coordination tasks.,Built a small automation workflow that standardized shipment status updates and routed outputs into daily fulfillment summaries.,"Tested the workflow on sample files, documented exceptions, and refined prompts and logic independently.",,,
AI-related experience,independent_ai_automation_project,Independently completed an AI automation project,ai_18,client onboarding,Independent Client Onboarding Automation Project,Designed an independent automation workflow to support client onboarding tasks.,Built a small automation workflow that standardized new client intake forms and routed outputs into onboarding status trackers.,"Tested the workflow on sample files, documented exceptions, and refined prompts and logic independently.",,,
AI-related experience,independent_ai_automation_project,Independently completed an AI automation project,ai_19,event planning,Independent Event Planning Automation Project,Designed an independent automation workflow to support event planning tasks.,Built a small automation workflow that standardized registration and attendance records and routed outputs into post-event recap summaries.,"Tested the workflow on sample files, documented exceptions, and refined prompts and logic independently.",,,
AI-related experience,independent_ai_automation_project,Independently completed an AI automation project,ai_20,compliance support,Independent Compliance Support Automation Project,Designed an independent automation workflow to support compliance support tasks.,Built a small automation workflow that standardized policy review checklists and routed outputs into compliance tracking summaries.,"Tested the workflow on sample files, documented exceptions, and refined prompts and logic independently.",,,
AI-related experience,ai_ml_coursework,Completed coursework in AI / machine learning,ai_01,customer feedback review,Introductory Machine Learning,Completed formal coursework covering AI methods with an applied assignment related to customer feedback review.,Completed assignments on core AI or machine learning concepts and discussed applications to customer feedback review.,"Submitted a course project explaining model selection, evaluation, and practical use considerations.",,,
AI-related experience,ai_ml_coursework,Completed coursework in AI / machine learning,ai_02,sales reporting,Applied Artificial Intelligence,Completed formal coursework covering AI methods with an applied assignment related to sales reporting.,Completed assignments on core AI or machine learning concepts and discussed applications to sales reporting.,"Submitted a course project explaining model selection, evaluation, and practical use considerations.",,,
AI-related experience,ai_ml_coursework,Completed coursework in AI / machine learning,ai_03,inventory tracking,Data Mining and Predictive Analytics,Completed formal coursework covering AI methods with an applied assignment related to inventory tracking.,Completed assignments on core AI or machine learning concepts and discussed applications to inventory tracking.,"Submitted a course project explaining model selection, evaluation, and practical use considerations.",,,
AI-related experience,ai_ml_coursework,Completed coursework in AI / machine learning,ai_04,marketing analysis,Statistical Learning Methods,Completed formal coursework covering AI methods with an applied assignment related to marketing analysis.,Completed assignments on core AI or machine learning concepts and discussed applications to marketing analysis.,"Submitted a course project explaining model selection, evaluation, and practical use considerations.",,,
AI-related experience,ai_ml_coursework,Completed coursework in AI / machine learning,ai_05,recruiting support,AI for Business Decision-Making,Completed formal coursework covering AI methods with an applied assignment related to recruiting support.,Completed assignments on core AI or machine learning concepts and discussed applications to recruiting support.,"Submitted a course project explaining model selection, evaluation, and practical use considerations.",,,
AI-related experience,ai_ml_coursework,Completed coursework in AI / machine learning,ai_06,budget reconciliation,Machine Learning for Social Data,Completed formal coursework covering AI methods with an applied assignment related to budget reconciliation.,Completed assignments on core AI or machine learning concepts and discussed applications to budget reconciliation.,"Submitted a course project explaining model selection, evaluation, and practical use considerations.",,,
AI-related experience,ai_ml_coursework,Completed coursework in AI / machine learning,ai_07,operations reporting,Computational Modeling and AI,Completed formal coursework covering AI methods with an applied assignment related to operations reporting.,Completed assignments on core AI or machine learning concepts and discussed applications to operations reporting.,"Submitted a course project explaining model selection, evaluation, and practical use considerations.",,,
AI-related experience,ai_ml_coursework,Completed coursework in AI / machine learning,ai_08,survey analysis,Supervised Learning Applications,Completed formal coursework covering AI methods with an applied assignment related to survey analysis.,Completed assignments on core AI or machine learning concepts and discussed applications to survey analysis.,"Submitted a course project explaining model selection, evaluation, and practical use considerations.",,,
AI-related experience,ai_ml_coursework,Completed coursework in AI / machine learning,ai_09,vendor coordination,AI Tools for Information Systems,Completed formal coursework covering AI methods with an applied assignment related to vendor coordination.,Completed assignments on core AI or machine learning concepts and discussed applications to vendor coordination.,"Submitted a course project explaining model selection, evaluation, and practical use considerations.",,,
AI-related experience,ai_ml_coursework,Completed coursework in AI / machine learning,ai_10,appointment scheduling,Foundations of Machine Learning,Completed formal coursework covering AI methods with an applied assignment related to appointment scheduling.,Completed assignments on core AI or machine learning concepts and discussed applications to appointment scheduling.,"Submitted a course project explaining model selection, evaluation, and practical use considerations.",,,
AI-related experience,ai_ml_coursework,Completed coursework in AI / machine learning,ai_11,billing review,Practical AI in Organizations,Completed formal coursework covering AI methods with an applied assignment related to billing review.,Completed assignments on core AI or machine learning concepts and discussed applications to billing review.,"Submitted a course project explaining model selection, evaluation, and practical use considerations.",,,
AI-related experience,ai_ml_coursework,Completed coursework in AI / machine learning,ai_12,quality tracking,Machine Learning for Forecasting,Completed formal coursework covering AI methods with an applied assignment related to quality tracking.,Completed assignments on core AI or machine learning concepts and discussed applications to quality tracking.,"Submitted a course project explaining model selection, evaluation, and practical use considerations.",,,
AI-related experience,ai_ml_coursework,Completed coursework in AI / machine learning,ai_13,training support,Decision Analytics with AI Methods,Completed formal coursework covering AI methods with an applied assignment related to training support.,Completed assignments on core AI or machine learning concepts and discussed applications to training support.,"Submitted a course project explaining model selection, evaluation, and practical use considerations.",,,
AI-related experience,ai_ml_coursework,Completed coursework in AI / machine learning,ai_14,document review,Applied Natural Language Processing,Completed formal coursework covering AI methods with an applied assignment related to document review.,Completed assignments on core AI or machine learning concepts and discussed applications to document review.,"Submitted a course project explaining model selection, evaluation, and practical use considerations.",,,
AI-related experience,ai_ml_coursework,Completed coursework in AI / machine learning,ai_15,social media reporting,Intro to Intelligent Systems,Completed formal coursework covering AI methods with an applied assignment related to social media reporting.,Completed assignments on core AI or machine learning concepts and discussed applications to social media reporting.,"Submitted a course project explaining model selection, evaluation, and practical use considerations.",,,
AI-related experience,ai_ml_coursework,Completed coursework in AI / machine learning,ai_16,market research,AI and Data-Driven Problem Solving,Completed formal coursework covering AI methods with an applied assignment related to market research.,Completed assignments on core AI or machine learning concepts and discussed applications to market research.,"Submitted a course project explaining model selection, evaluation, and practical use considerations.",,,
AI-related experience,ai_ml_coursework,Completed coursework in AI / machine learning,ai_17,logistics coordination,Machine Learning in Practice,Completed formal coursework covering AI methods with an applied assignment related to logistics coordination.,Completed assignments on core AI or machine learning concepts and discussed applications to logistics coordination.,"Submitted a course project explaining model selection, evaluation, and practical use considerations.",,,
AI-related experience,ai_ml_coursework,Completed coursework in AI / machine learning,ai_18,client onboarding,Business Analytics with AI Tools,Completed formal coursework covering AI methods with an applied assignment related to client onboarding.,Completed assignments on core AI or machine learning concepts and discussed applications to client onboarding.,"Submitted a course project explaining model selection, evaluation, and practical use considerations.",,,
AI-related experience,ai_ml_coursework,Completed coursework in AI / machine learning,ai_19,event planning,Predictive Modeling and AI,Completed formal coursework covering AI methods with an applied assignment related to event planning.,Completed assignments on core AI or machine learning concepts and discussed applications to event planning.,"Submitted a course project explaining model selection, evaluation, and practical use considerations.",,,
AI-related experience,ai_ml_coursework,Completed coursework in AI / machine learning,ai_20,compliance support,AI Applications for Operations,Completed formal coursework covering AI methods with an applied assignment related to compliance support.,Completed assignments on core AI or machine learning concepts and discussed applications to compliance support.,"Submitted a course project explaining model selection, evaluation, and practical use considerations.",,,
Internship experience,no_relevant_internship_experience,No relevant internship experience,intern_01,,Library Student Assistant,"Held a student or campus role, but no directly relevant internship was listed.",Helped maintain records and answered routine student questions.,Managed recurring responsibilities while balancing coursework and weekly deadlines.,data reporting,campus library circulation desk,
Internship experience,no_relevant_internship_experience,No relevant internship experience,intern_02,,Admissions Ambassador,"Held a student or campus role, but no directly relevant internship was listed.",Supported campus visit logistics and responded to prospective student questions.,Managed recurring responsibilities while balancing coursework and weekly deadlines.,client support,university admissions office,
Internship experience,no_relevant_internship_experience,No relevant internship experience,intern_03,,Peer Tutor,"Held a student or campus role, but no directly relevant internship was listed.",Provided weekly tutoring sessions and tracked attendance.,Managed recurring responsibilities while balancing coursework and weekly deadlines.,marketing analytics,academic support center,
Internship experience,no_relevant_internship_experience,No relevant internship experience,intern_04,,Residence Hall Assistant,"Held a student or campus role, but no directly relevant internship was listed.",Coordinated resident check-ins and documented maintenance requests.,Managed recurring responsibilities while balancing coursework and weekly deadlines.,financial reporting,student housing office,
Internship experience,no_relevant_internship_experience,No relevant internship experience,intern_05,,Student Event Assistant,"Held a student or campus role, but no directly relevant internship was listed.",Organized registration materials and supported event setup.,Managed recurring responsibilities while balancing coursework and weekly deadlines.,supply chain coordination,campus events office,
Internship experience,no_relevant_internship_experience,No relevant internship experience,intern_06,,Bookstore Associate,"Held a student or campus role, but no directly relevant internship was listed.",Handled point-of-sale transactions and restocked merchandise.,Managed recurring responsibilities while balancing coursework and weekly deadlines.,research support,campus bookstore,
Internship experience,no_relevant_internship_experience,No relevant internship experience,intern_07,,Front Desk Assistant,"Held a student or campus role, but no directly relevant internship was listed.",Managed sign-ins and responded to member inquiries.,Managed recurring responsibilities while balancing coursework and weekly deadlines.,people operations,student recreation center,
Internship experience,no_relevant_internship_experience,No relevant internship experience,intern_08,,Office Assistant,"Held a student or campus role, but no directly relevant internship was listed.",Scheduled appointments and maintained filing systems.,Managed recurring responsibilities while balancing coursework and weekly deadlines.,sales support,department administrative office,
Internship experience,no_relevant_internship_experience,No relevant internship experience,intern_09,,Community Volunteer Coordinator,"Held a student or campus role, but no directly relevant internship was listed.",Organized volunteer sign-ups and tracked participation.,Managed recurring responsibilities while balancing coursework and weekly deadlines.,customer success,student service club,
Internship experience,no_relevant_internship_experience,No relevant internship experience,intern_10,,Orientation Leader,"Held a student or campus role, but no directly relevant internship was listed.",Guided incoming students and handled logistics.,Managed recurring responsibilities while balancing coursework and weekly deadlines.,project coordination,new student orientation program,
Internship experience,no_relevant_internship_experience,No relevant internship experience,intern_11,,Teaching Assistant,"Held a student or campus role, but no directly relevant internship was listed.",Supported grading and held review sessions.,Managed recurring responsibilities while balancing coursework and weekly deadlines.,healthcare administration,introductory undergraduate course,
Internship experience,no_relevant_internship_experience,No relevant internship experience,intern_12,,Dining Services Team Member,"Held a student or campus role, but no directly relevant internship was listed.",Handled customer service and shift coordination tasks.,Managed recurring responsibilities while balancing coursework and weekly deadlines.,nonprofit program support,campus dining hall,
Internship experience,no_relevant_internship_experience,No relevant internship experience,intern_13,,Campus Technology Helper,"Held a student or campus role, but no directly relevant internship was listed.",Resolved basic account and device issues.,Managed recurring responsibilities while balancing coursework and weekly deadlines.,retail planning,student IT help desk,
Internship experience,no_relevant_internship_experience,No relevant internship experience,intern_14,,Research Lab Assistant,"Held a student or campus role, but no directly relevant internship was listed.",Organized study materials and maintained participant schedules.,Managed recurring responsibilities while balancing coursework and weekly deadlines.,insurance support,faculty lab office,
Internship experience,no_relevant_internship_experience,No relevant internship experience,intern_15,,Student Call Center Representative,"Held a student or campus role, but no directly relevant internship was listed.",Updated contact records and logged outreach results.,Managed recurring responsibilities while balancing coursework and weekly deadlines.,education services,alumni relations office,
Internship experience,no_relevant_internship_experience,No relevant internship experience,intern_16,,Fitness Desk Assistant,"Held a student or campus role, but no directly relevant internship was listed.",Processed check-ins and maintained equipment logs.,Managed recurring responsibilities while balancing coursework and weekly deadlines.,real estate support,university fitness center,
Internship experience,no_relevant_internship_experience,No relevant internship experience,intern_17,,Museum Visitor Assistant,"Held a student or campus role, but no directly relevant internship was listed.",Provided visitor support and tracked daily attendance.,Managed recurring responsibilities while balancing coursework and weekly deadlines.,hospitality operations,local museum front desk,
Internship experience,no_relevant_internship_experience,No relevant internship experience,intern_18,,Community Center Assistant,"Held a student or campus role, but no directly relevant internship was listed.",Coordinated room bookings and responded to inquiries.,Managed recurring responsibilities while balancing coursework and weekly deadlines.,product support,municipal community center,
Internship experience,no_relevant_internship_experience,No relevant internship experience,intern_19,,School Program Volunteer,"Held a student or campus role, but no directly relevant internship was listed.",Supervised activities and recorded attendance.,Managed recurring responsibilities while balancing coursework and weekly deadlines.,communications support,after-school enrichment program,
Internship experience,no_relevant_internship_experience,No relevant internship experience,intern_20,,Retail Sales Associate,"Held a student or campus role, but no directly relevant internship was listed.",Assisted customers and maintained inventory displays.,Managed recurring responsibilities while balancing coursework and weekly deadlines.,procurement support,local retail store,
Internship experience,relevant_internship_smaller_firm,Relevant internship at a smaller firm,intern_01,,Data Operations Intern,Completed a relevant internship focused on data reporting at a smaller firm.,Supported day-to-day work related to data reporting and prepared materials for internal team review.,"Worked closely with a small team and handled tasks spanning analysis, coordination, and follow-up.",data reporting,North Harbor Insights,
Internship experience,relevant_internship_smaller_firm,Relevant internship at a smaller firm,intern_02,,Operations Intern,Completed a relevant internship focused on client support at a smaller firm.,Supported day-to-day work related to client support and prepared materials for internal team review.,"Worked closely with a small team and handled tasks spanning analysis, coordination, and follow-up.",client support,Blue Ridge Advisory,
Internship experience,relevant_internship_smaller_firm,Relevant internship at a smaller firm,intern_03,,Marketing Intern,Completed a relevant internship focused on marketing analytics at a smaller firm.,Supported day-to-day work related to marketing analytics and prepared materials for internal team review.,"Worked closely with a small team and handled tasks spanning analysis, coordination, and follow-up.",marketing analytics,Cedar Point Analytics,
Internship experience,relevant_internship_smaller_firm,Relevant internship at a smaller firm,intern_04,,Finance Intern,Completed a relevant internship focused on financial reporting at a smaller firm.,Supported day-to-day work related to financial reporting and prepared materials for internal team review.,"Worked closely with a small team and handled tasks spanning analysis, coordination, and follow-up.",financial reporting,Maple Street Consulting,
Internship experience,relevant_internship_smaller_firm,Relevant internship at a smaller firm,intern_05,,Operations Intern,Completed a relevant internship focused on supply chain coordination at a smaller firm.,Supported day-to-day work related to supply chain coordination and prepared materials for internal team review.,"Worked closely with a small team and handled tasks spanning analysis, coordination, and follow-up.",supply chain coordination,Brightwell Strategy Group,
Internship experience,relevant_internship_smaller_firm,Relevant internship at a smaller firm,intern_06,,Research Assistant Intern,Completed a relevant internship focused on research support at a smaller firm.,Supported day-to-day work related to research support and prepared materials for internal team review.,"Worked closely with a small team and handled tasks spanning analysis, coordination, and follow-up.",research support,Pinecrest Research,
Internship experience,relevant_internship_smaller_firm,Relevant internship at a smaller firm,intern_07,,HR Intern,Completed a relevant internship focused on people operations at a smaller firm.,Supported day-to-day work related to people operations and prepared materials for internal team review.,"Worked closely with a small team and handled tasks spanning analysis, coordination, and follow-up.",people operations,Silver Oak Solutions,
Internship experience,relevant_internship_smaller_firm,Relevant internship at a smaller firm,intern_08,,Sales Operations Intern,Completed a relevant internship focused on sales support at a smaller firm.,Supported day-to-day work related to sales support and prepared materials for internal team review.,"Worked closely with a small team and handled tasks spanning analysis, coordination, and follow-up.",sales support,Redwood Business Services,
Internship experience,relevant_internship_smaller_firm,Relevant internship at a smaller firm,intern_09,,Customer Success Intern,Completed a relevant internship focused on customer success at a smaller firm.,Supported day-to-day work related to customer success and prepared materials for internal team review.,"Worked closely with a small team and handled tasks spanning analysis, coordination, and follow-up.",customer success,HarborLine Operations,
Internship experience,relevant_internship_smaller_firm,Relevant internship at a smaller firm,intern_10,,Project Support Intern,Completed a relevant internship focused on project coordination at a smaller firm.,Supported day-to-day work related to project coordination and prepared materials for internal team review.,"Worked closely with a small team and handled tasks spanning analysis, coordination, and follow-up.",project coordination,Summit Trail Partners,
Internship experience,relevant_internship_smaller_firm,Relevant internship at a smaller firm,intern_11,,Administrative Intern,Completed a relevant internship focused on healthcare administration at a smaller firm.,Supported day-to-day work related to healthcare administration and prepared materials for internal team review.,"Worked closely with a small team and handled tasks spanning analysis, coordination, and follow-up.",healthcare administration,Westfield Data Services,
Internship experience,relevant_internship_smaller_firm,Relevant internship at a smaller firm,intern_12,,Program Intern,Completed a relevant internship focused on nonprofit program support at a smaller firm.,Supported day-to-day work related to nonprofit program support and prepared materials for internal team review.,"Worked closely with a small team and handled tasks spanning analysis, coordination, and follow-up.",nonprofit program support,Elm Street Advisory,
Internship experience,relevant_internship_smaller_firm,Relevant internship at a smaller firm,intern_13,,Merchandising Intern,Completed a relevant internship focused on retail planning at a smaller firm.,Supported day-to-day work related to retail planning and prepared materials for internal team review.,"Worked closely with a small team and handled tasks spanning analysis, coordination, and follow-up.",retail planning,Clearview Market Research,
Internship experience,relevant_internship_smaller_firm,Relevant internship at a smaller firm,intern_14,,Claims Intern,Completed a relevant internship focused on insurance support at a smaller firm.,Supported day-to-day work related to insurance support and prepared materials for internal team review.,"Worked closely with a small team and handled tasks spanning analysis, coordination, and follow-up.",insurance support,Granite Point Consulting,
Internship experience,relevant_internship_smaller_firm,Relevant internship at a smaller firm,intern_15,,Program Assistant Intern,Completed a relevant internship focused on education services at a smaller firm.,Supported day-to-day work related to education services and prepared materials for internal team review.,"Worked closely with a small team and handled tasks spanning analysis, coordination, and follow-up.",education services,Northgate Planning,
Internship experience,relevant_internship_smaller_firm,Relevant internship at a smaller firm,intern_16,,Leasing Intern,Completed a relevant internship focused on real estate support at a smaller firm.,Supported day-to-day work related to real estate support and prepared materials for internal team review.,"Worked closely with a small team and handled tasks spanning analysis, coordination, and follow-up.",real estate support,Beacon Hill Analytics,
Internship experience,relevant_internship_smaller_firm,Relevant internship at a smaller firm,intern_17,,Hospitality Intern,Completed a relevant internship focused on hospitality operations at a smaller firm.,Supported day-to-day work related to hospitality operations and prepared materials for internal team review.,"Worked closely with a small team and handled tasks spanning analysis, coordination, and follow-up.",hospitality operations,Lakefront Strategy,
Internship experience,relevant_internship_smaller_firm,Relevant internship at a smaller firm,intern_18,,Product Operations Intern,Completed a relevant internship focused on product support at a smaller firm.,Supported day-to-day work related to product support and prepared materials for internal team review.,"Worked closely with a small team and handled tasks spanning analysis, coordination, and follow-up.",product support,Oakview Operations,
Internship experience,relevant_internship_smaller_firm,Relevant internship at a smaller firm,intern_19,,Communications Intern,Completed a relevant internship focused on communications support at a smaller firm.,Supported day-to-day work related to communications support and prepared materials for internal team review.,"Worked closely with a small team and handled tasks spanning analysis, coordination, and follow-up.",communications support,Cornerstone Advisory,
Internship experience,relevant_internship_smaller_firm,Relevant internship at a smaller firm,intern_20,,Procurement Intern,Completed a relevant internship focused on procurement support at a smaller firm.,Supported day-to-day work related to procurement support and prepared materials for internal team review.,"Worked closely with a small team and handled tasks spanning analysis, coordination, and follow-up.",procurement support,Riverbend Insights,
Internship experience,relevant_internship_well_known_firm,Relevant internship at a well-known firm,intern_01,,Business Analyst Intern,Completed a relevant internship focused on data reporting at a well-known firm.,Contributed to projects related to data reporting and supported structured reporting for broader teams.,"Worked within established processes, communicated updates clearly, and delivered materials on schedule.",data reporting,Deloitte,
Internship experience,relevant_internship_well_known_firm,Relevant internship at a well-known firm,intern_02,,Client Strategy Intern,Completed a relevant internship focused on client support at a well-known firm.,Contributed to projects related to client support and supported structured reporting for broader teams.,"Worked within established processes, communicated updates clearly, and delivered materials on schedule.",client support,Amazon,
Internship experience,relevant_internship_well_known_firm,Relevant internship at a well-known firm,intern_03,,Marketing Analytics Intern,Completed a relevant internship focused on marketing analytics at a well-known firm.,Contributed to projects related to marketing analytics and supported structured reporting for broader teams.,"Worked within established processes, communicated updates clearly, and delivered materials on schedule.",marketing analytics,JPMorgan Chase,
Internship experience,relevant_internship_well_known_firm,Relevant internship at a well-known firm,intern_04,,Financial Planning Intern,Completed a relevant internship focused on financial reporting at a well-known firm.,Contributed to projects related to financial reporting and supported structured reporting for broader teams.,"Worked within established processes, communicated updates clearly, and delivered materials on schedule.",financial reporting,Accenture,
Internship experience,relevant_internship_well_known_firm,Relevant internship at a well-known firm,intern_05,,Supply Chain Analyst Intern,Completed a relevant internship focused on supply chain coordination at a well-known firm.,Contributed to projects related to supply chain coordination and supported structured reporting for broader teams.,"Worked within established processes, communicated updates clearly, and delivered materials on schedule.",supply chain coordination,Microsoft,
Internship experience,relevant_internship_well_known_firm,Relevant internship at a well-known firm,intern_06,,Market Research Intern,Completed a relevant internship focused on research support at a well-known firm.,Contributed to projects related to research support and supported structured reporting for broader teams.,"Worked within established processes, communicated updates clearly, and delivered materials on schedule.",research support,PwC,
Internship experience,relevant_internship_well_known_firm,Relevant internship at a well-known firm,intern_07,,People Analytics Intern,Completed a relevant internship focused on people operations at a well-known firm.,Contributed to projects related to people operations and supported structured reporting for broader teams.,"Worked within established processes, communicated updates clearly, and delivered materials on schedule.",people operations,Bank of America,
Internship experience,relevant_internship_well_known_firm,Relevant internship at a well-known firm,intern_08,,Commercial Strategy Intern,Completed a relevant internship focused on sales support at a well-known firm.,Contributed to projects related to sales support and supported structured reporting for broader teams.,"Worked within established processes, communicated updates clearly, and delivered materials on schedule.",sales support,Target,
Internship experience,relevant_internship_well_known_firm,Relevant internship at a well-known firm,intern_09,,Customer Insights Intern,Completed a relevant internship focused on customer success at a well-known firm.,Contributed to projects related to customer success and supported structured reporting for broader teams.,"Worked within established processes, communicated updates clearly, and delivered materials on schedule.",customer success,UnitedHealth Group,
Internship experience,relevant_internship_well_known_firm,Relevant internship at a well-known firm,intern_10,,Project Management Intern,Completed a relevant internship focused on project coordination at a well-known firm.,Contributed to projects related to project coordination and supported structured reporting for broader teams.,"Worked within established processes, communicated updates clearly, and delivered materials on schedule.",project coordination,IBM,
Internship experience,relevant_internship_well_known_firm,Relevant internship at a well-known firm,intern_11,,Healthcare Operations Intern,Completed a relevant internship focused on healthcare administration at a well-known firm.,Contributed to projects related to healthcare administration and supported structured reporting for broader teams.,"Worked within established processes, communicated updates clearly, and delivered materials on schedule.",healthcare administration,Citi,
Internship experience,relevant_internship_well_known_firm,Relevant internship at a well-known firm,intern_12,,Program Analytics Intern,Completed a relevant internship focused on nonprofit program support at a well-known firm.,Contributed to projects related to nonprofit program support and supported structured reporting for broader teams.,"Worked within established processes, communicated updates clearly, and delivered materials on schedule.",nonprofit program support,PepsiCo,
Internship experience,relevant_internship_well_known_firm,Relevant internship at a well-known firm,intern_13,,Retail Strategy Intern,Completed a relevant internship focused on retail planning at a well-known firm.,Contributed to projects related to retail planning and supported structured reporting for broader teams.,"Worked within established processes, communicated updates clearly, and delivered materials on schedule.",retail planning,Capital One,
Internship experience,relevant_internship_well_known_firm,Relevant internship at a well-known firm,intern_14,,Business Process Intern,Completed a relevant internship focused on insurance support at a well-known firm.,Contributed to projects related to insurance support and supported structured reporting for broader teams.,"Worked within established processes, communicated updates clearly, and delivered materials on schedule.",insurance support,KPMG,
Internship experience,relevant_internship_well_known_firm,Relevant internship at a well-known firm,intern_15,,Education Operations Intern,Completed a relevant internship focused on education services at a well-known firm.,Contributed to projects related to education services and supported structured reporting for broader teams.,"Worked within established processes, communicated updates clearly, and delivered materials on schedule.",education services,Adobe,
Internship experience,relevant_internship_well_known_firm,Relevant internship at a well-known firm,intern_16,,Real Estate Analyst Intern,Completed a relevant internship focused on real estate support at a well-known firm.,Contributed to projects related to real estate support and supported structured reporting for broader teams.,"Worked within established processes, communicated updates clearly, and delivered materials on schedule.",real estate support,Pfizer,
Internship experience,relevant_internship_well_known_firm,Relevant internship at a well-known firm,intern_17,,Revenue Operations Intern,Completed a relevant internship focused on hospitality operations at a well-known firm.,Contributed to projects related to hospitality operations and supported structured reporting for broader teams.,"Worked within established processes, communicated updates clearly, and delivered materials on schedule.",hospitality operations,American Express,
Internship experience,relevant_internship_well_known_firm,Relevant internship at a well-known firm,intern_18,,Product Analyst Intern,Completed a relevant internship focused on product support at a well-known firm.,Contributed to projects related to product support and supported structured reporting for broader teams.,"Worked within established processes, communicated updates clearly, and delivered materials on schedule.",product support,Nike,
Internship experience,relevant_internship_well_known_firm,Relevant internship at a well-known firm,intern_19,,Corporate Communications Intern,Completed a relevant internship focused on communications support at a well-known firm.,Contributed to projects related to communications support and supported structured reporting for broader teams.,"Worked within established processes, communicated updates clearly, and delivered materials on schedule.",communications support,Comcast,
Internship experience,relevant_internship_well_known_firm,Relevant internship at a well-known firm,intern_20,,Procurement Analyst Intern,Completed a relevant internship focused on procurement support at a well-known firm.,Contributed to projects related to procurement support and supported structured reporting for broader teams.,"Worked within established processes, communicated updates clearly, and delivered materials on schedule.",procurement support,Visa,
Project achievement style,without_quantified_results,Project experience described without quantified results,project_01,,,Developed a project analyzing student retention patterns and presented findings in an interactive dashboard for program staff.,Collected and cleaned data related to student retention patterns.,Built an interactive dashboard for program staff and shared recommendations with stakeholders.,,,Student Retention Dashboard
Project achievement style,without_quantified_results,Project experience described without quantified results,project_02,,,Developed a project analyzing store-level sales trends and presented findings in an reporting toolkit for weekly reviews.,Collected and cleaned data related to store-level sales trends.,Built an reporting toolkit for weekly reviews and shared recommendations with stakeholders.,,,Retail Sales Analysis
Project achievement style,without_quantified_results,Project experience described without quantified results,project_03,,,Developed a project analyzing event registration and turnout data and presented findings in an planning dashboard for organizers.,Collected and cleaned data related to event registration and turnout data.,Built an planning dashboard for organizers and shared recommendations with stakeholders.,,,Event Attendance Tracker
Project achievement style,without_quantified_results,Project experience described without quantified results,project_04,,,Developed a project analyzing department spending patterns and presented findings in an summary report for monthly meetings.,Collected and cleaned data related to department spending patterns.,Built an summary report for monthly meetings and shared recommendations with stakeholders.,,,Budget Variance Review
Project achievement style,without_quantified_results,Project experience described without quantified results,project_05,,,Developed a project analyzing support ticket patterns and presented findings in an issue categorization dashboard.,Collected and cleaned data related to support ticket patterns.,Built an issue categorization dashboard and shared recommendations with stakeholders.,,,Customer Service Log Analysis
Project achievement style,without_quantified_results,Project experience described without quantified results,project_06,,,Developed a project analyzing housing application trends and presented findings in an forecast summary for planning staff.,Collected and cleaned data related to housing application trends.,Built an forecast summary for planning staff and shared recommendations with stakeholders.,,,Housing Demand Study
Project achievement style,without_quantified_results,Project experience described without quantified results,project_07,,,Developed a project analyzing survey response patterns and presented findings in an presentation-ready findings for stakeholders.,Collected and cleaned data related to survey response patterns.,Built an presentation-ready findings for stakeholders and shared recommendations with stakeholders.,,,Survey Insights Report
Project achievement style,without_quantified_results,Project experience described without quantified results,project_08,,,Developed a project analyzing reorder timing and stock gaps and presented findings in an tracking sheet for operations staff.,Collected and cleaned data related to reorder timing and stock gaps.,Built an tracking sheet for operations staff and shared recommendations with stakeholders.,,,Inventory Reorder Tracker
Project achievement style,without_quantified_results,Project experience described without quantified results,project_09,,,Developed a project analyzing volunteer shift coverage and presented findings in an coordination tracker for supervisors.,Collected and cleaned data related to volunteer shift coverage.,Built an coordination tracker for supervisors and shared recommendations with stakeholders.,,,Volunteer Scheduling Tool
Project achievement style,without_quantified_results,Project experience described without quantified results,project_10,,,Developed a project analyzing common billing exceptions and presented findings in an checklist for process improvement.,Collected and cleaned data related to common billing exceptions.,Built an checklist for process improvement and shared recommendations with stakeholders.,,,Billing Error Review
Project achievement style,without_quantified_results,Project experience described without quantified results,project_11,,,Developed a project analyzing traffic and engagement patterns and presented findings in an performance dashboard for communications staff.,Collected and cleaned data related to traffic and engagement patterns.,Built an performance dashboard for communications staff and shared recommendations with stakeholders.,,,Website Traffic Summary
Project achievement style,without_quantified_results,Project experience described without quantified results,project_12,,,Developed a project analyzing course enrollment changes and presented findings in an report for advising staff.,Collected and cleaned data related to course enrollment changes.,Built an report for advising staff and shared recommendations with stakeholders.,,,Course Enrollment Review
Project achievement style,without_quantified_results,Project experience described without quantified results,project_13,,,Developed a project analyzing vendor pricing and service records and presented findings in an comparison worksheet for procurement review.,Collected and cleaned data related to vendor pricing and service records.,Built an comparison worksheet for procurement review and shared recommendations with stakeholders.,,,Vendor Comparison Model
Project achievement style,without_quantified_results,Project experience described without quantified results,project_14,,,Developed a project analyzing donor campaign results and presented findings in an summary deck for outreach planning.,Collected and cleaned data related to donor campaign results.,Built an summary deck for outreach planning and shared recommendations with stakeholders.,,,Fundraising Performance Report
Project achievement style,without_quantified_results,Project experience described without quantified results,project_15,,,Developed a project analyzing appointment scheduling delays and presented findings in an tracking dashboard for administrators.,Collected and cleaned data related to appointment scheduling delays.,Built an tracking dashboard for administrators and shared recommendations with stakeholders.,,,Clinic Scheduling Analysis
Project achievement style,without_quantified_results,Project experience described without quantified results,project_16,,,Developed a project analyzing fulfillment timing issues and presented findings in an operations summary for team leads.,Collected and cleaned data related to fulfillment timing issues.,Built an operations summary for team leads and shared recommendations with stakeholders.,,,Shipping Delay Review
Project achievement style,without_quantified_results,Project experience described without quantified results,project_17,,,Developed a project analyzing claims turnaround times and presented findings in an workflow summary for supervisors.,Collected and cleaned data related to claims turnaround times.,Built an workflow summary for supervisors and shared recommendations with stakeholders.,,,Claims Processing Review
Project achievement style,without_quantified_results,Project experience described without quantified results,project_18,,,Developed a project analyzing applicant funnel stages and presented findings in an dashboard for recruiting staff.,Collected and cleaned data related to applicant funnel stages.,Built an dashboard for recruiting staff and shared recommendations with stakeholders.,,,Recruitment Funnel Summary
Project achievement style,without_quantified_results,Project experience described without quantified results,project_19,,,Developed a project analyzing renewal and churn patterns and presented findings in an report for account managers.,Collected and cleaned data related to renewal and churn patterns.,Built an report for account managers and shared recommendations with stakeholders.,,,Membership Renewal Analysis
Project achievement style,without_quantified_results,Project experience described without quantified results,project_20,,,Developed a project analyzing training completion records and presented findings in an status dashboard for coordinators.,Collected and cleaned data related to training completion records.,Built an status dashboard for coordinators and shared recommendations with stakeholders.,,,Training Attendance Tracker
Project achievement style,with_quantified_results,Project experience includes quantified results,project_01,,,Developed a project analyzing student retention patterns and presented findings in an interactive dashboard for program staff.,Collected and cleaned data related to student retention patterns.,Built an interactive dashboard for program staff that cut preparation time by 18%.,,,Student Retention Dashboard
Project achievement style,with_quantified_results,Project experience includes quantified results,project_02,,,Developed a project analyzing store-level sales trends and presented findings in an reporting toolkit for weekly reviews.,Collected and cleaned data related to store-level sales trends.,Built an reporting toolkit for weekly reviews that improved reporting turnaround by 22%.,,,Retail Sales Analysis
Project achievement style,with_quantified_results,Project experience includes quantified results,project_03,,,Developed a project analyzing event registration and turnout data and presented findings in an planning dashboard for organizers.,Collected and cleaned data related to event registration and turnout data.,Built an planning dashboard for organizers that reduced manual review effort by 15%.,,,Event Attendance Tracker
Project achievement style,with_quantified_results,Project experience includes quantified results,project_04,,,Developed a project analyzing department spending patterns and presented findings in an summary report for monthly meetings.,Collected and cleaned data related to department spending patterns.,Built an summary report for monthly meetings that increased data accuracy by 12%.,,,Budget Variance Review
Project achievement style,with_quantified_results,Project experience includes quantified results,project_05,,,Developed a project analyzing support ticket patterns and presented findings in an issue categorization dashboard.,Collected and cleaned data related to support ticket patterns.,Built an issue categorization dashboard that shortened update cycles by 20%.,,,Customer Service Log Analysis
Project achievement style,with_quantified_results,Project experience includes quantified results,project_06,,,Developed a project analyzing housing application trends and presented findings in an forecast summary for planning staff.,Collected and cleaned data related to housing application trends.,Built an forecast summary for planning staff that improved completion rates by 14%.,,,Housing Demand Study
Project achievement style,with_quantified_results,Project experience includes quantified results,project_07,,,Developed a project analyzing survey response patterns and presented findings in an presentation-ready findings for stakeholders.,Collected and cleaned data related to survey response patterns.,Built an presentation-ready findings for stakeholders that reduced follow-up delays by 19%.,,,Survey Insights Report
Project achievement style,with_quantified_results,Project experience includes quantified results,project_08,,,Developed a project analyzing reorder timing and stock gaps and presented findings in an tracking sheet for operations staff.,Collected and cleaned data related to reorder timing and stock gaps.,Built an tracking sheet for operations staff that improved response tracking by 17%.,,,Inventory Reorder Tracker
Project achievement style,with_quantified_results,Project experience includes quantified results,project_09,,,Developed a project analyzing volunteer shift coverage and presented findings in an coordination tracker for supervisors.,Collected and cleaned data related to volunteer shift coverage.,Built an coordination tracker for supervisors that reduced stockout exceptions by 13%.,,,Volunteer Scheduling Tool
Project achievement style,with_quantified_results,Project experience includes quantified results,project_10,,,Developed a project analyzing common billing exceptions and presented findings in an checklist for process improvement.,Collected and cleaned data related to common billing exceptions.,Built an checklist for process improvement that improved scheduling visibility by 21%.,,,Billing Error Review
Project achievement style,with_quantified_results,Project experience includes quantified results,project_11,,,Developed a project analyzing traffic and engagement patterns and presented findings in an performance dashboard for communications staff.,Collected and cleaned data related to traffic and engagement patterns.,Built an performance dashboard for communications staff that lowered billing review time by 16%.,,,Website Traffic Summary
Project achievement style,with_quantified_results,Project experience includes quantified results,project_12,,,Developed a project analyzing course enrollment changes and presented findings in an report for advising staff.,Collected and cleaned data related to course enrollment changes.,Built an report for advising staff that improved content reporting speed by 23%.,,,Course Enrollment Review
Project achievement style,with_quantified_results,Project experience includes quantified results,project_13,,,Developed a project analyzing vendor pricing and service records and presented findings in an comparison worksheet for procurement review.,Collected and cleaned data related to vendor pricing and service records.,Built an comparison worksheet for procurement review that reduced advising prep time by 18%.,,,Vendor Comparison Model
Project achievement style,with_quantified_results,Project experience includes quantified results,project_14,,,Developed a project analyzing donor campaign results and presented findings in an summary deck for outreach planning.,Collected and cleaned data related to donor campaign results.,Built an summary deck for outreach planning that improved vendor comparison turnaround by 20%.,,,Fundraising Performance Report
Project achievement style,with_quantified_results,Project experience includes quantified results,project_15,,,Developed a project analyzing appointment scheduling delays and presented findings in an tracking dashboard for administrators.,Collected and cleaned data related to appointment scheduling delays.,Built an tracking dashboard for administrators that raised campaign follow-up efficiency by 15%.,,,Clinic Scheduling Analysis
Project achievement style,with_quantified_results,Project experience includes quantified results,project_16,,,Developed a project analyzing fulfillment timing issues and presented findings in an operations summary for team leads.,Collected and cleaned data related to fulfillment timing issues.,Built an operations summary for team leads that cut scheduling backlog by 17%.,,,Shipping Delay Review
Project achievement style,with_quantified_results,Project experience includes quantified results,project_17,,,Developed a project analyzing claims turnaround times and presented findings in an workflow summary for supervisors.,Collected and cleaned data related to claims turnaround times.,Built an workflow summary for supervisors that reduced delay review time by 14%.,,,Claims Processing Review
Project achievement style,with_quantified_results,Project experience includes quantified results,project_18,,,Developed a project analyzing applicant funnel stages and presented findings in an dashboard for recruiting staff.,Collected and cleaned data related to applicant funnel stages.,Built an dashboard for recruiting staff that improved funnel reporting speed by 19%.,,,Recruitment Funnel Summary
Project achievement style,with_quantified_results,Project experience includes quantified results,project_19,,,Developed a project analyzing renewal and churn patterns and presented findings in an report for account managers.,Collected and cleaned data related to renewal and churn patterns.,Built an report for account managers that increased renewal tracking accuracy by 11%.,,,Membership Renewal Analysis
Project achievement style,with_quantified_results,Project experience includes quantified results,project_20,,,Developed a project analyzing training completion records and presented findings in an status dashboard for coordinators.,Collected and cleaned data related to training completion records.,Built an status dashboard for coordinators that raised training status visibility by 24%.,,,Training Attendance Tracker
