attribute,level_key,level_label,id,project_name,summary,bullet_1,bullet_2
Project achievement style,without_quantified_results,Project experience described without quantified results,project_01,Student Retention Dashboard,Developed a project analyzing student retention patterns and presented findings in an interactive dashboard for program staff.,Collected and cleaned data related to student retention patterns.,Built an interactive dashboard for program staff and shared recommendations with stakeholders.
Project achievement style,without_quantified_results,Project experience described without quantified results,project_02,Retail Sales Analysis,Developed a project analyzing store-level sales trends and presented findings in an reporting toolkit for weekly reviews.,Collected and cleaned data related to store-level sales trends.,Built an reporting toolkit for weekly reviews and shared recommendations with stakeholders.
Project achievement style,without_quantified_results,Project experience described without quantified results,project_03,Event Attendance Tracker,Developed a project analyzing event registration and turnout data and presented findings in an planning dashboard for organizers.,Collected and cleaned data related to event registration and turnout data.,Built an planning dashboard for organizers and shared recommendations with stakeholders.
Project achievement style,without_quantified_results,Project experience described without quantified results,project_04,Budget Variance Review,Developed a project analyzing department spending patterns and presented findings in an summary report for monthly meetings.,Collected and cleaned data related to department spending patterns.,Built an summary report for monthly meetings and shared recommendations with stakeholders.
Project achievement style,without_quantified_results,Project experience described without quantified results,project_05,Customer Service Log Analysis,Developed a project analyzing support ticket patterns and presented findings in an issue categorization dashboard.,Collected and cleaned data related to support ticket patterns.,Built an issue categorization dashboard and shared recommendations with stakeholders.
Project achievement style,without_quantified_results,Project experience described without quantified results,project_06,Housing Demand Study,Developed a project analyzing housing application trends and presented findings in an forecast summary for planning staff.,Collected and cleaned data related to housing application trends.,Built an forecast summary for planning staff and shared recommendations with stakeholders.
Project achievement style,without_quantified_results,Project experience described without quantified results,project_07,Survey Insights Report,Developed a project analyzing survey response patterns and presented findings in an presentation-ready findings for stakeholders.,Collected and cleaned data related to survey response patterns.,Built an presentation-ready findings for stakeholders and shared recommendations with stakeholders.
Project achievement style,without_quantified_results,Project experience described without quantified results,project_08,Inventory Reorder Tracker,Developed a project analyzing reorder timing and stock gaps and presented findings in an tracking sheet for operations staff.,Collected and cleaned data related to reorder timing and stock gaps.,Built an tracking sheet for operations staff and shared recommendations with stakeholders.
Project achievement style,without_quantified_results,Project experience described without quantified results,project_09,Volunteer Scheduling Tool,Developed a project analyzing volunteer shift coverage and presented findings in an coordination tracker for supervisors.,Collected and cleaned data related to volunteer shift coverage.,Built an coordination tracker for supervisors and shared recommendations with stakeholders.
Project achievement style,without_quantified_results,Project experience described without quantified results,project_10,Billing Error Review,Developed a project analyzing common billing exceptions and presented findings in an checklist for process improvement.,Collected and cleaned data related to common billing exceptions.,Built an checklist for process improvement and shared recommendations with stakeholders.
Project achievement style,without_quantified_results,Project experience described without quantified results,project_11,Website Traffic Summary,Developed a project analyzing traffic and engagement patterns and presented findings in an performance dashboard for communications staff.,Collected and cleaned data related to traffic and engagement patterns.,Built an performance dashboard for communications staff and shared recommendations with stakeholders.
Project achievement style,without_quantified_results,Project experience described without quantified results,project_12,Course Enrollment Review,Developed a project analyzing course enrollment changes and presented findings in an report for advising staff.,Collected and cleaned data related to course enrollment changes.,Built an report for advising staff and shared recommendations with stakeholders.
Project achievement style,without_quantified_results,Project experience described without quantified results,project_13,Vendor Comparison Model,Developed a project analyzing vendor pricing and service records and presented findings in an comparison worksheet for procurement review.,Collected and cleaned data related to vendor pricing and service records.,Built an comparison worksheet for procurement review and shared recommendations with stakeholders.
Project achievement style,without_quantified_results,Project experience described without quantified results,project_14,Fundraising Performance Report,Developed a project analyzing donor campaign results and presented findings in an summary deck for outreach planning.,Collected and cleaned data related to donor campaign results.,Built an summary deck for outreach planning and shared recommendations with stakeholders.
Project achievement style,without_quantified_results,Project experience described without quantified results,project_15,Clinic Scheduling Analysis,Developed a project analyzing appointment scheduling delays and presented findings in an tracking dashboard for administrators.,Collected and cleaned data related to appointment scheduling delays.,Built an tracking dashboard for administrators and shared recommendations with stakeholders.
Project achievement style,without_quantified_results,Project experience described without quantified results,project_16,Shipping Delay Review,Developed a project analyzing fulfillment timing issues and presented findings in an operations summary for team leads.,Collected and cleaned data related to fulfillment timing issues.,Built an operations summary for team leads and shared recommendations with stakeholders.
Project achievement style,without_quantified_results,Project experience described without quantified results,project_17,Claims Processing Review,Developed a project analyzing claims turnaround times and presented findings in an workflow summary for supervisors.,Collected and cleaned data related to claims turnaround times.,Built an workflow summary for supervisors and shared recommendations with stakeholders.
Project achievement style,without_quantified_results,Project experience described without quantified results,project_18,Recruitment Funnel Summary,Developed a project analyzing applicant funnel stages and presented findings in an dashboard for recruiting staff.,Collected and cleaned data related to applicant funnel stages.,Built an dashboard for recruiting staff and shared recommendations with stakeholders.
Project achievement style,without_quantified_results,Project experience described without quantified results,project_19,Membership Renewal Analysis,Developed a project analyzing renewal and churn patterns and presented findings in an report for account managers.,Collected and cleaned data related to renewal and churn patterns.,Built an report for account managers and shared recommendations with stakeholders.
Project achievement style,without_quantified_results,Project experience described without quantified results,project_20,Training Attendance Tracker,Developed a project analyzing training completion records and presented findings in an status dashboard for coordinators.,Collected and cleaned data related to training completion records.,Built an status dashboard for coordinators and shared recommendations with stakeholders.
Project achievement style,with_quantified_results,Project experience includes quantified results,project_01,Student Retention Dashboard,Developed a project analyzing student retention patterns and presented findings in an interactive dashboard for program staff.,Collected and cleaned data related to student retention patterns.,Built an interactive dashboard for program staff that cut preparation time by 18%.
Project achievement style,with_quantified_results,Project experience includes quantified results,project_02,Retail Sales Analysis,Developed a project analyzing store-level sales trends and presented findings in an reporting toolkit for weekly reviews.,Collected and cleaned data related to store-level sales trends.,Built an reporting toolkit for weekly reviews that improved reporting turnaround by 22%.
Project achievement style,with_quantified_results,Project experience includes quantified results,project_03,Event Attendance Tracker,Developed a project analyzing event registration and turnout data and presented findings in an planning dashboard for organizers.,Collected and cleaned data related to event registration and turnout data.,Built an planning dashboard for organizers that reduced manual review effort by 15%.
Project achievement style,with_quantified_results,Project experience includes quantified results,project_04,Budget Variance Review,Developed a project analyzing department spending patterns and presented findings in an summary report for monthly meetings.,Collected and cleaned data related to department spending patterns.,Built an summary report for monthly meetings that increased data accuracy by 12%.
Project achievement style,with_quantified_results,Project experience includes quantified results,project_05,Customer Service Log Analysis,Developed a project analyzing support ticket patterns and presented findings in an issue categorization dashboard.,Collected and cleaned data related to support ticket patterns.,Built an issue categorization dashboard that shortened update cycles by 20%.
Project achievement style,with_quantified_results,Project experience includes quantified results,project_06,Housing Demand Study,Developed a project analyzing housing application trends and presented findings in an forecast summary for planning staff.,Collected and cleaned data related to housing application trends.,Built an forecast summary for planning staff that improved completion rates by 14%.
Project achievement style,with_quantified_results,Project experience includes quantified results,project_07,Survey Insights Report,Developed a project analyzing survey response patterns and presented findings in an presentation-ready findings for stakeholders.,Collected and cleaned data related to survey response patterns.,Built an presentation-ready findings for stakeholders that reduced follow-up delays by 19%.
Project achievement style,with_quantified_results,Project experience includes quantified results,project_08,Inventory Reorder Tracker,Developed a project analyzing reorder timing and stock gaps and presented findings in an tracking sheet for operations staff.,Collected and cleaned data related to reorder timing and stock gaps.,Built an tracking sheet for operations staff that improved response tracking by 17%.
Project achievement style,with_quantified_results,Project experience includes quantified results,project_09,Volunteer Scheduling Tool,Developed a project analyzing volunteer shift coverage and presented findings in an coordination tracker for supervisors.,Collected and cleaned data related to volunteer shift coverage.,Built an coordination tracker for supervisors that reduced stockout exceptions by 13%.
Project achievement style,with_quantified_results,Project experience includes quantified results,project_10,Billing Error Review,Developed a project analyzing common billing exceptions and presented findings in an checklist for process improvement.,Collected and cleaned data related to common billing exceptions.,Built an checklist for process improvement that improved scheduling visibility by 21%.
Project achievement style,with_quantified_results,Project experience includes quantified results,project_11,Website Traffic Summary,Developed a project analyzing traffic and engagement patterns and presented findings in an performance dashboard for communications staff.,Collected and cleaned data related to traffic and engagement patterns.,Built an performance dashboard for communications staff that lowered billing review time by 16%.
Project achievement style,with_quantified_results,Project experience includes quantified results,project_12,Course Enrollment Review,Developed a project analyzing course enrollment changes and presented findings in an report for advising staff.,Collected and cleaned data related to course enrollment changes.,Built an report for advising staff that improved content reporting speed by 23%.
Project achievement style,with_quantified_results,Project experience includes quantified results,project_13,Vendor Comparison Model,Developed a project analyzing vendor pricing and service records and presented findings in an comparison worksheet for procurement review.,Collected and cleaned data related to vendor pricing and service records.,Built an comparison worksheet for procurement review that reduced advising prep time by 18%.
Project achievement style,with_quantified_results,Project experience includes quantified results,project_14,Fundraising Performance Report,Developed a project analyzing donor campaign results and presented findings in an summary deck for outreach planning.,Collected and cleaned data related to donor campaign results.,Built an summary deck for outreach planning that improved vendor comparison turnaround by 20%.
Project achievement style,with_quantified_results,Project experience includes quantified results,project_15,Clinic Scheduling Analysis,Developed a project analyzing appointment scheduling delays and presented findings in an tracking dashboard for administrators.,Collected and cleaned data related to appointment scheduling delays.,Built an tracking dashboard for administrators that raised campaign follow-up efficiency by 15%.
Project achievement style,with_quantified_results,Project experience includes quantified results,project_16,Shipping Delay Review,Developed a project analyzing fulfillment timing issues and presented findings in an operations summary for team leads.,Collected and cleaned data related to fulfillment timing issues.,Built an operations summary for team leads that cut scheduling backlog by 17%.
Project achievement style,with_quantified_results,Project experience includes quantified results,project_17,Claims Processing Review,Developed a project analyzing claims turnaround times and presented findings in an workflow summary for supervisors.,Collected and cleaned data related to claims turnaround times.,Built an workflow summary for supervisors that reduced delay review time by 14%.
Project achievement style,with_quantified_results,Project experience includes quantified results,project_18,Recruitment Funnel Summary,Developed a project analyzing applicant funnel stages and presented findings in an dashboard for recruiting staff.,Collected and cleaned data related to applicant funnel stages.,Built an dashboard for recruiting staff that improved funnel reporting speed by 19%.
Project achievement style,with_quantified_results,Project experience includes quantified results,project_19,Membership Renewal Analysis,Developed a project analyzing renewal and churn patterns and presented findings in an report for account managers.,Collected and cleaned data related to renewal and churn patterns.,Built an report for account managers that increased renewal tracking accuracy by 11%.
Project achievement style,with_quantified_results,Project experience includes quantified results,project_20,Training Attendance Tracker,Developed a project analyzing training completion records and presented findings in an status dashboard for coordinators.,Collected and cleaned data related to training completion records.,Built an status dashboard for coordinators that raised training status visibility by 24%.
